{"A_ij": [[1.0, 1.0, 1.0, 0.0, 0.0, 0.0, 0.0, 0.0, 0.0, 0.0, 0.0, 0.0, 1.0, 0.0, 0.0, 0.0],
       [0.0, 0.0, 0.0, 1.0, 1.0, 1.0, 0.0, 0.0, 0.0, 0.0, 0.0, 0.0, 0.0, 1.0, 0.0, 0.0],
       [0.0, 0.0, 0.0, 0.0, 0.0, 0.0, 1.0, 1.0, 1.0, 0.0, 0.0, 0.0, 0.0, 0.0, 1.0, 0.0],
       [0.0, 0.0, 0.0, 0.0, 0.0, 0.0, 0.0, 0.0, 0.0, 1.0, 1.0, 1.0, 0.0, 0.0, 0.0, 1.0]], 
"b_i": [[1.0],       [1.0],
       [1.0],
       [1.0]], 
"Xbasis_i": [[13],
       [14],
       [15],
       [16]], 
"c_i": [0.06708204, 0.17804494, 0.17088007, 0.06708204, 0.12083046,      
       0.10440307, 0.17804494, 0.12083046, 0.09433981, 0.17088007,
       0.10440307, 0.09433981, 0.0       , 0.0        , 0.0        ,
       0.0        ]}